# 基础查询

- 查询所有列

```mysql
SELECT * FROM users;
```

- 查询特定列

```mysql
SELECT id, name FROM users;
```

- AS 别名

```mysql
# product_name 列显示为 name
SELECT product_name AS name FROM products;

# users 别名为 u, username 列显示为 name
SELECT u.username AS name, u.email FROM users AS u;
```

- 去重查询 **DISTINCT** 

```mysql
# 只返回 country 列中不重复的值
SELECT DISTINCT country FROM users;
```

# 条件查询

- **WHERE**

```mysql
# 查询 age >= 18 且 country = 'USA' 的用户
SELECT * FROM users WHERE age >= 18 AND country = 'USA';

# 查询 country 为 'USA' 或 'UK' 的用户
SELECT * FROM users WHERE country = 'USA' OR country = 'UK';
```

- 模糊查询 **LIKE**

`LIKE` 用于匹配部分字符串，可配合通配符 `%`（任意多个字符）和 `_`（单个字符）。

```mysql
# 查询 name 以 J 开头的用户
SELECT * FROM users WHERE name LIKE 'J%';

# 查询 name 第二个字符是 a 的用户
SELECT * FROM users WHERE name LIKE '_a%';
```

- 排序查询  **ORDER BY**

`ORDER BY` 用于对查询结果排序，默认 `ASC`**升序**，可使用 `DESC` **降序**。

```mysql
# 按 age 升序排列
SELECT * FROM users ORDER BY age ASC;

# 先按 price 降序，再按 name 升序排列
SELECT * FROM products ORDER BY price DESC, name ASC;
```

- 分页查询 **LIMIT**

`LIMIT` 用于分页，`OFFSET` 指定跳过多少行。

```mysql
# 查询前 10 条数据
SELECT * FROM users LIMIT 10;

# 查询 21-30 条数据（跳过前 20 条）
SELECT * FROM users LIMIT 10 OFFSET 20;
```

- 范围查询 **BETWEEN**、**IN**

`BETWEEN`（范围查询，包含边界），`IN`（多值匹配）。

```mysql
# 查询 price 在 100 到 500 之间的产品（包括 100 和 500）
SELECT * FROM products WHERE price BETWEEN 100 AND 500;

# 查询 country 为 'USA'、'UK' 或 'Canada' 的用户
SELECT * FROM users WHERE country IN ('USA', 'UK', 'Canada');

# 查询 age 不等于 18, 25, 30 的用户
SELECT * FROM users WHERE age NOT IN (18, 25, 30);
```

# 三张表

**接下来用来查询的表**

```mysql
DROP database IF EXISTS `scott`;
CREATE database IF NOT EXISTS `scott` DEFAULT CHARACTER SET utf8 COLLATE utf8_general_ci;

USE `scott`;

DROP TABLE IF EXISTS `dept`;
CREATE TABLE `dept` (
  `deptno` int(2) unsigned zerofill NOT NULL COMMENT '部门编号',
  `dname` varchar(14) DEFAULT NULL COMMENT '部门名称',
  `loc` varchar(13) DEFAULT NULL COMMENT '部门所在地点'
);


DROP TABLE IF EXISTS `emp`;
CREATE TABLE `emp` (
  `empno` int(6) unsigned zerofill NOT NULL COMMENT '雇员编号',
  `ename` varchar(10) DEFAULT NULL COMMENT '雇员姓名',
  `job` varchar(9) DEFAULT NULL COMMENT '雇员职位',
  `mgr` int(4) unsigned zerofill DEFAULT NULL COMMENT '雇员领导编号',
  `hiredate` datetime DEFAULT NULL COMMENT '雇佣时间',
  `sal` decimal(7,2) DEFAULT NULL COMMENT '工资月薪',
  `comm` decimal(7,2) DEFAULT NULL COMMENT '奖金',
  `deptno` int(2) unsigned zerofill DEFAULT NULL COMMENT '部门编号'
);


DROP TABLE IF EXISTS `salgrade`;
CREATE TABLE `salgrade` (
  `grade` int(11) DEFAULT NULL COMMENT '等级',
  `losal` int(11) DEFAULT NULL COMMENT '此等级最低工资',
  `hisal` int(11) DEFAULT NULL COMMENT '此等级最高工资'
);


insert into dept (deptno, dname, loc)
values (10, 'ACCOUNTING', 'NEW YORK');
insert into dept (deptno, dname, loc)
values (20, 'RESEARCH', 'DALLAS');
insert into dept (deptno, dname, loc)
values (30, 'SALES', 'CHICAGO');
insert into dept (deptno, dname, loc)
values (40, 'OPERATIONS', 'BOSTON');

insert into emp (empno, ename, job, mgr, hiredate, sal, comm, deptno)
values (7369, 'SMITH', 'CLERK', 7902, '1980-12-17', 800, null, 20);

insert into emp (empno, ename, job, mgr, hiredate, sal, comm, deptno)
values (7499, 'ALLEN', 'SALESMAN', 7698, '1981-02-20', 1600, 300, 30);

insert into emp (empno, ename, job, mgr, hiredate, sal, comm, deptno)
values (7521, 'WARD', 'SALESMAN', 7698, '1981-02-22', 1250, 500, 30);

insert into emp (empno, ename, job, mgr, hiredate, sal, comm, deptno)
values (7566, 'JONES', 'MANAGER', 7839, '1981-04-02', 2975, null, 20);

insert into emp (empno, ename, job, mgr, hiredate, sal, comm, deptno)
values (7654, 'MARTIN', 'SALESMAN', 7698, '1981-09-28', 1250, 1400, 30);

insert into emp (empno, ename, job, mgr, hiredate, sal, comm, deptno)
values (7698, 'BLAKE', 'MANAGER', 7839, '1981-05-01', 2850, null, 30);

insert into emp (empno, ename, job, mgr, hiredate, sal, comm, deptno)
values (7782, 'CLARK', 'MANAGER', 7839, '1981-06-09', 2450, null, 10);

insert into emp (empno, ename, job, mgr, hiredate, sal, comm, deptno)
values (7788, 'SCOTT', 'ANALYST', 7566, '1987-04-19', 3000, null, 20);

insert into emp (empno, ename, job, mgr, hiredate, sal, comm, deptno)
values (7839, 'KING', 'PRESIDENT', null, '1981-11-17', 5000, null, 10);

insert into emp (empno, ename, job, mgr, hiredate, sal, comm, deptno)
values (7844, 'TURNER', 'SALESMAN', 7698,'1981-09-08', 1500, 0, 30);

insert into emp (empno, ename, job, mgr, hiredate, sal, comm, deptno)
values (7876, 'ADAMS', 'CLERK', 7788, '1987-05-23', 1100, null, 20);

insert into emp (empno, ename, job, mgr, hiredate, sal, comm, deptno)
values (7900, 'JAMES', 'CLERK', 7698, '1981-12-03', 950, null, 30);

insert into emp (empno, ename, job, mgr, hiredate, sal, comm, deptno)
values (7902, 'FORD', 'ANALYST', 7566, '1981-12-03', 3000, null, 20);

insert into emp (empno, ename, job, mgr, hiredate, sal, comm, deptno)
values (7934, 'MILLER', 'CLERK', 7782, '1982-01-23', 1300, null, 10);

insert into salgrade (grade, losal, hisal) values (1, 700, 1200);
insert into salgrade (grade, losal, hisal) values (2, 1201, 1400);
insert into salgrade (grade, losal, hisal) values (3, 1401, 2000);
insert into salgrade (grade, losal, hisal) values (4, 2001, 3000);
insert into salgrade (grade, losal, hisal) values (5, 3001, 9999);
```

数据库`scott`中包含三张表，`dept`、`emp`和`salgrade`，如下：

- `dept`：部门表

```mysql
mysql> desc dept;
+--------+--------------------------+------+-----+---------+-------+
| Field  | Type                     | Null | Key | Default | Extra |
+--------+--------------------------+------+-----+---------+-------+
| deptno | int(2) unsigned zerofill | NO   |     | NULL    |       |
| dname  | varchar(14)              | YES  |     | NULL    |       |
| loc    | varchar(13)              | YES  |     | NULL    |       |
+--------+--------------------------+------+-----+---------+-------+
3 rows in set (0.00 sec)

mysql> select * from dept;
+--------+------------+----------+
| deptno | dname      | loc      |
+--------+------------+----------+
|     10 | ACCOUNTING | NEW YORK |
|     20 | RESEARCH   | DALLAS   |
|     30 | SALES      | CHICAGO  |
|     40 | OPERATIONS | BOSTON   |
+--------+------------+----------+
4 rows in set (0.00 sec)
```

- `emp`：员工表

```mysql
mysql> desc emp;
+----------+--------------------------+------+-----+---------+-------+
| Field    | Type                     | Null | Key | Default | Extra |
+----------+--------------------------+------+-----+---------+-------+
| empno    | int(6) unsigned zerofill | NO   |     | NULL    |       |
| ename    | varchar(10)              | YES  |     | NULL    |       |
| job      | varchar(9)               | YES  |     | NULL    |       |
| mgr      | int(4) unsigned zerofill | YES  |     | NULL    |       |
| hiredate | datetime                 | YES  |     | NULL    |       |
| sal      | decimal(7,2)             | YES  |     | NULL    |       |
| comm     | decimal(7,2)             | YES  |     | NULL    |       |
| deptno   | int(2) unsigned zerofill | YES  |     | NULL    |       |
+----------+--------------------------+------+-----+---------+-------+
8 rows in set (0.01 sec)

mysql> select * from emp;
+--------+--------+-----------+------+---------------------+---------+---------+--------+
| empno  | ename  | job       | mgr  | hiredate            | sal     | comm    | deptno |
+--------+--------+-----------+------+---------------------+---------+---------+--------+
| 007369 | SMITH  | CLERK     | 7902 | 1980-12-17 00:00:00 |  800.00 |    NULL |     20 |
| 007499 | ALLEN  | SALESMAN  | 7698 | 1981-02-20 00:00:00 | 1600.00 |  300.00 |     30 |
| 007521 | WARD   | SALESMAN  | 7698 | 1981-02-22 00:00:00 | 1250.00 |  500.00 |     30 |
| 007566 | JONES  | MANAGER   | 7839 | 1981-04-02 00:00:00 | 2975.00 |    NULL |     20 |
| 007654 | MARTIN | SALESMAN  | 7698 | 1981-09-28 00:00:00 | 1250.00 | 1400.00 |     30 |
| 007698 | BLAKE  | MANAGER   | 7839 | 1981-05-01 00:00:00 | 2850.00 |    NULL |     30 |
| 007782 | CLARK  | MANAGER   | 7839 | 1981-06-09 00:00:00 | 2450.00 |    NULL |     10 |
| 007788 | SCOTT  | ANALYST   | 7566 | 1987-04-19 00:00:00 | 3000.00 |    NULL |     20 |
| 007839 | KING   | PRESIDENT | NULL | 1981-11-17 00:00:00 | 5000.00 |    NULL |     10 |
| 007844 | TURNER | SALESMAN  | 7698 | 1981-09-08 00:00:00 | 1500.00 |    0.00 |     30 |
| 007876 | ADAMS  | CLERK     | 7788 | 1987-05-23 00:00:00 | 1100.00 |    NULL |     20 |
| 007900 | JAMES  | CLERK     | 7698 | 1981-12-03 00:00:00 |  950.00 |    NULL |     30 |
| 007902 | FORD   | ANALYST   | 7566 | 1981-12-03 00:00:00 | 3000.00 |    NULL |     20 |
| 007934 | MILLER | CLERK     | 7782 | 1982-01-23 00:00:00 | 1300.00 |    NULL |     10 |
+--------+--------+-----------+------+---------------------+---------+---------+--------+
14 rows in set (0.00 sec)
```

- `salgrade`：工资等级表

```mysql
mysql> desc salgrade;
+-------+------+------+-----+---------+-------+
| Field | Type | Null | Key | Default | Extra |
+-------+------+------+-----+---------+-------+
| grade | int  | YES  |     | NULL    |       |
| losal | int  | YES  |     | NULL    |       |
| hisal | int  | YES  |     | NULL    |       |
+-------+------+------+-----+---------+-------+
3 rows in set (0.00 sec)

mysql> select * from salgrade;
+-------+-------+-------+
| grade | losal | hisal |
+-------+-------+-------+
|     1 |   700 |  1200 |
|     2 |  1201 |  1400 |
|     3 |  1401 |  2000 |
|     4 |  2001 |  3000 |
|     5 |  3001 |  9999 |
+-------+-------+-------+
5 rows in set (0.00 sec)
```

# 聚合查询

MySQL函数

- **SUM()**：计算一列数值的总和。

- **AVG()**：计算一列数值的平均值。

- **COUNT()**：计算行的数量。

- **MAX()**：获取一列中的最大值。

- **MIN()**：获取一列中的最小值。

**GROUP BY** 用于**分组**，当GROUP BY后面的列值相同，会被视为同一个分组。在GROUP BY后面可以跟多个列，依据多个条件，在组内再分组。

- 显示每个部门的平均工资和最高工资

```mysql
select deptno, format(avg(sal), 2) , max(sal) from EMP group by deptno;
```

**HAVING** **过滤分组数据**

- 显示平均工资低于2000的部门号和它的平均工资

```mysql
select deptno, avg(sal) as avg_sal from EMP group by deptno having avg_sal < 2000;
```

# 多表查询

![](https://s2.loli.net/2025/03/30/nYqHf7G2jFucBzo.jpg)

- 显示雇员名、雇员工资以及所在部门的名字

```mysql
select EMP.ename, EMP.sal, DEPT.dname from EMP, DEPT where EMP.deptno = DEPT.deptno;
```

- 显示部门号为10的部门名，员工名和工资

```mysql
select ename, sal, dname from EMP, DEPT where EMP.deptno = DEPT.deptno and DEPT.deptno = 10;
```

- 显示各个员工的姓名，工资，及工资级别

```mysql
select ename, sal, grade from EMP, SALGRADE where EMP.sal between losal and hisal;
```

# 自连接查询

自连接是指在同一张表连接查询，为了区别这两张表，**自连接时必须对表进行重命名**！

- 显示员工FORD的上级领导的编号和姓名

  - 使用子查询

  - ```mysql
    select empno, ename from emp where emp.empno = (select mgr from emp where ename = 'FORD');
    ```

  - 使用多表查询(自查询)

  - ```mysql
    select leader.empno, leader.ename from emp leader, emp worker 
    where leader.empno = worker.mgr and worker.ename = 'FORD';
    ```


# 子查询

子查询是指在`select`内部再嵌套一层`select`，也叫做嵌套查询。

**单行子查询**

- 显示SMITH同一部门的员工

```mysql
select * from EMP WHERE deptno = (select deptno from EMP where ename = 'smith');
```

**多行子查询**

**in**：判断是否是多行数据中的一个

- 查询和10号部门的工作岗位相同的雇员的名字，岗位，工资，部门号，但是不包含10自己的

```mysql
select ename, job, sal, deptno from emp 
where job in (select distinct job from emp where deptno = 10) and deptno <> 10;
```

**all**：判断是否所有数据都满足条件

- 显示工资比部门30的**所有**员工的工资高的员工的姓名、工资和部门号

```mysql
select ename, sal, deptno from EMP 
where sal > all(select sal from EMP where deptno = 30);
```

**any**：判断是否有数据满足条件

- 显示工资比部门30的**任意**员工的工资高的员工的姓名、工资和部门号

```mysql
select ename, sal, deptno from EMP 
where sal > any(select sal from EMP where deptno = 30);
```

**多列子查询**

单行子查询是指子查询只返回单列，单行数据；多行子查询是指返回单列多行数据，都是针对单列而言的，而多列子查询则是指查询返回多个列数据的子查询语句。

- 查询和SMITH的部门和岗位完全相同的所有雇员，不含SMITH本人

```mysql
select ename from EMP where (deptno, job) = (select deptno, job from EMP
where ename = 'SMITH') and ename <> 'SMITH';
```

**from子查询**

子查询的结果本质是一张表，所以可以再次被查询，即`from`后面也可以跟子查询，而不是只有`where`后面可以。

- 显示每个高于自己部门平均工资的员工的姓名、部门、工资、平均工资

```mysql
# 获取各个部门的平均工资，将其看作临时表
select ename, deptno, sal, format(asal,2) 
from EMP, (select avg(sal) asal, deptno from EMP group by deptno) tmp 
where EMP.sal > tmp.asal and EMP.deptno = tmp.deptno;
```

# 合并查询

在实际应用中，有时会合并多个表格的查询结果，此时可以用集合操作符`union`和`union all`。

**union**：该操作符用于取得两个结果集的**并集**，当使用该操作符时，会**自动去掉结果集中的重复行**。

- 将工资大于2500或职位是MANAGER的人找出来

```mysql
select ename, sal, job from EMP where sal > 2500 
union select ename, sal, job from EMP where job = 'MANAGER';
```

**union all：**该操作符用于取得两个结果集的**并集**，当使用该操作符时，**不会去掉结果集中的重复行**

- 将工资大于2500或职位是MANAGER的人找出来

```mysql
select ename, sal, job from EMP where sal > 2500 
union all select ename, sal, job from EMP where job = 'MANAGER';
```

# 连接

## 内连接

内连接就是，先对表进行笛卡尔积，后依据条件筛选出合理的数据。

- 显示SMITH的名字和部门名称

```mysql
select ename, dname from EMP 
inner join DEPT on EMP.deptno = DEPT.deptno and ename = 'SMITH';
```

## 外连接

**左外连接**

左外连接会保留`from`后面的表的所有数据

- 查询所有学生的成绩，如果这个学生没有成绩，也要将学生的个人信息显示出来

```mysql
select * from stu left join exam on stu.id = exam.id;
```

**右外连接**

右外连接会保留`join`后面的表的所有数据

- 查询所有学生的成绩，如果成绩没有对应学生也要显示

```mysql
select * from stu right join exam on stu.id=exam.id;
```

